-9.080933123067737256e+00,3.036355905228358409e+00,6.459743728157271020e-03,-4.215066507127396278e+00,-6.114306966141659638e-02,8.621009768649242844e+00,-4.931011078686286631e+00,2.135815144208510485e+00,7.958210512829285044e+00
-9.179903261814914117e+00,2.905990612401475381e+00,-9.941767463494204093e-02,-4.221079035384838640e+00,-8.947429705839009262e-02,8.612837149202782427e+00,-4.925042442021934974e+00,2.123436315841388478e+00,7.941624966154305021e+00
-9.098185720644970331e+00,2.794316607668033470e+00,-1.698302770687339786e-02,-4.228034583484776121e+00,-9.285317233748338617e-02,8.620124512100641567e+00,-4.901191959177420898e+00,2.141387509929959965e+00,7.956209604218376086e+00
-9.168543736162044766e+00,2.888951909682214936e+00,-4.067846290250037508e-03,-4.218350596235461936e+00,-7.910057756462707257e-02,8.626202264755018945e+00,-4.918725229975243529e+00,2.140853646634532481e+00,7.957055188288129521e+00
-9.246089882276196548e+00,2.950329347048529893e+00,-1.015771958703937522e-01,-4.204483013169523886e+00,-7.806668051993904955e-02,8.623598617795568799e+00,-4.909530786737544616e+00,2.135783180429472683e+00,7.963358495437458551e+00
-9.165767029058166315e+00,2.954592153218998263e+00,-7.313201430457933264e-03,-4.205935789700888883e+00,-1.014138664523012989e-01,8.624258768523031193e+00,-4.902435719541752945e+00,2.143857084567883486e+00,7.954820400268675762e+00
-9.129143578862610298e+00,2.943945235182571007e+00,8.007846380267951564e-03,-4.229156480441664812e+00,-8.474476885473088139e-02,8.614721673118534540e+00,-4.921549875257834827e+00,2.152857907795679981e+00,7.950415084113201303e+00
-9.136819276133405054e+00,2.915234944130113526e+00,-3.761321429044679754e-02,-4.218176566179980824e+00,-8.507412939573746891e-02,8.624176629417259932e+00,-4.917160458572553239e+00,2.139839100941349770e+00,7.965480810196821082e+00
-9.180994122001916224e+00,2.964681141737407266e+00,-2.512289329568582683e-02,-4.209549532262029103e+00,-9.577952559955903167e-02,8.622970628845544994e+00,-4.920265782791347853e+00,2.120789902007497396e+00,7.956609713769777770e+00
-9.193401399724614009e+00,2.923314154867983294e+00,-9.165364978386812689e-02,-4.224281861214779887e+00,-7.133367763721447374e-02,8.617620754807413519e+00,-4.921965400171273153e+00,2.132291921112428490e+00,7.962803325279399047e+00
-9.121316334010218796e+00,2.897828865168189605e+00,-1.966749195103841778e-03,-4.223642938940592728e+00,-7.669990328650329314e-02,8.629767307718752889e+00,-4.921145265295631788e+00,2.136601008073671704e+00,7.961605551254996804e+00
-9.090172389871922221e+00,3.006506860766143596e+00,2.731861997652781579e-02,-4.224508525996674813e+00,-8.553649905568913581e-02,8.606909523742853452e+00,-4.920361974569690489e+00,2.120674589363142459e+00,7.954906703979696125e+00
-9.140453840126426144e+00,2.981298968157611640e+00,-3.444331005707233079e-02,-4.209647605379206681e+00,-8.875291176458030562e-02,8.604245037516607297e+00,-4.913404215432445099e+00,2.122989343869571499e+00,7.961740505886480079e+00
-9.218885389104924499e+00,2.930751768485595488e+00,-1.020848233155237025e-02,-4.207527486464007538e+00,-9.481534607298323925e-02,8.625685436890782043e+00,-4.911054481915360093e+00,2.139196556101815361e+00,7.967073698288872130e+00
-9.205588651911080333e+00,2.925897971738671277e+00,-7.553656911681505548e-02,-4.215437589632387017e+00,-9.045167420647344525e-02,8.620195960873807906e+00,-4.912024105849116751e+00,2.127889232662369956e+00,7.969815833246617132e+00
-9.122192874424156273e+00,2.842998702681331924e+00,-6.273987235123690276e-02,-4.226703161323004387e+00,-7.519310410317399385e-02,8.605005523117029043e+00,-4.916030225793416086e+00,2.123566386174140064e+00,7.952558448507101474e+00
-9.114339522102786972e+00,2.881482680661767048e+00,-2.200793885250516835e-02,-4.237176150667233188e+00,-8.385257085889423478e-02,8.617382724897295176e+00,-4.905787274694366040e+00,2.142856642402009015e+00,7.961164928520200412e+00
-9.189492421191422622e+00,2.970158749941099074e+00,-4.324571833887320277e-02,-4.212232065550670868e+00,-1.015786536582406197e-01,8.636857218504614409e+00,-4.909013351057300412e+00,2.129889822161536106e+00,7.964847549414161065e+00
-9.240652700740092484e+00,2.924521849787093508e+00,-2.124318713145719253e-02,-4.215436620592743822e+00,-6.704806081427111542e-02,8.619984451348015497e+00,-4.919402091097953900e+00,2.124745706418139868e+00,7.956589994521006126e+00
-9.197511465871636815e+00,2.842028504713645098e+00,-5.063395344617292737e-02,-4.219524078763087438e+00,-8.674727347186013404e-02,8.621919995816691440e+00,-4.932497639511222332e+00,2.128325169564893482e+00,7.957728904860150720e+00
-9.142534285666517491e+00,2.861842792520707501e+00,-5.799780951239276450e-02,-4.207279310666093508e+00,-1.110649039808239702e-01,8.621491006976183868e+00,-4.930986558042005363e+00,2.123197383917706738e+00,7.941588513271774730e+00
-9.140043810739149066e+00,2.943293797015734459e+00,-2.148753670918801886e-02,-4.220340912111801401e+00,-6.458143343327217567e-02,8.619415319882044457e+00,-4.896451174996328426e+00,2.147791279816156251e+00,7.959871256253149063e+00
-9.171003224454100433e+00,2.914065092920087086e+00,-1.337320907914156878e-02,-4.215444038438717733e+00,-8.928677292654228770e-02,8.628230218015472630e+00,-4.915748769746477009e+00,2.124340834976431669e+00,7.962150524869620938e+00
-9.189535898556409066e+00,2.895495980141535419e+00,-3.080565787849231379e-02,-4.216603215151211614e+00,-9.807965480269074943e-02,8.614742836843232610e+00,-4.917049191846497358e+00,2.111784442242821136e+00,7.947287397274891418e+00
-9.146339720106057669e+00,2.918971560792869013e+00,-4.413348557105440523e-02,-4.220315052014345980e+00,-6.377270793515545100e-02,8.632308253016558908e+00,-4.891251796598680812e+00,2.164147394328189034e+00,7.962419794765457581e+00
-9.140819657646005680e+00,2.959301153935529172e+00,-3.705851647738436089e-02,-4.207886086304047701e+00,-9.501998423630873825e-02,8.622873904021094660e+00,-4.916466138489320237e+00,2.142126939909564598e+00,7.951501237743443085e+00
-9.204189286969185702e+00,2.960655382740063679e+00,-4.123309652500256606e-02,-4.210095093300633806e+00,-9.790203651556056430e-02,8.601764436488734233e+00,-4.915292203534816551e+00,2.125811737847832283e+00,7.961109815296260273e+00
-9.161960096906730300e+00,2.881276451031518526e+00,-5.067699200615602634e-04,-4.213326933862735046e+00,-7.157306620421001464e-02,8.629554639183572462e+00,-4.910537909489567809e+00,2.144409422505617613e+00,7.970256905636833977e+00
-9.115908317080290146e+00,2.944752518381718698e+00,-3.835503830354805403e-03,-4.217005360496347777e+00,-7.808969165648255162e-02,8.627122106699300019e+00,-4.915450393028977238e+00,2.126994405882111305e+00,7.953316370815675107e+00
-9.172639875159802614e+00,2.901536914506309017e+00,-7.577287673923266409e-02,-4.217588717342641402e+00,-8.490912147443109570e-02,8.610634447865578522e+00,-4.907933782273812717e+00,2.145870177156761649e+00,7.955544546216076540e+00
-9.133347166976125919e+00,2.834168040102792663e+00,-5.191590195067573299e-02,-4.218957167297785027e+00,-7.658872628351326428e-02,8.615210110654956566e+00,-4.911769474295527793e+00,2.151591424976076805e+00,7.952928098563794457e+00
-9.121821414520072224e+00,2.975528791074710355e+00,-8.893872876440535313e-03,-4.219046236638916092e+00,-7.915702049187217648e-02,8.621163305934690158e+00,-4.909657900005972131e+00,2.123452385266192621e+00,7.968342187371053598e+00
-9.226710735268556007e+00,2.935675647250550746e+00,-3.499701132648324470e-02,-4.214773854620527338e+00,-9.066432740460143858e-02,8.617326808765724877e+00,-4.911743794037152888e+00,2.129958202329008010e+00,7.968085533022568612e+00
-9.229901852998347422e+00,2.854925615578522979e+00,-4.679700524508793869e-02,-4.224737602683989124e+00,-8.563822733823794886e-02,8.620729340052870171e+00,-4.921023400814484638e+00,2.128033588167077550e+00,7.959808932425768369e+00
-9.147871059421875728e+00,2.890168722839945747e+00,-1.283654884557367329e-02,-4.222795650113051025e+00,-8.882786155967729858e-02,8.635314140161398200e+00,-4.915813753390870566e+00,2.136170928561591964e+00,7.962850112906728839e+00
-9.104941709315500731e+00,2.888992160201878878e+00,-1.867318001346064682e-02,-4.215244995242686699e+00,-8.576341827454496414e-02,8.631921774905542577e+00,-4.911170770338035396e+00,2.162450447576214962e+00,7.945755956685427890e+00
-9.167714613160882209e+00,2.915230473223094698e+00,-8.040667805468615370e-02,-4.211682898362615113e+00,-7.556850694358532849e-02,8.626763792254175556e+00,-4.927278949453410384e+00,2.133604182083146839e+00,7.966901711658207930e+00
-9.187557924502122830e+00,2.918259971333655667e+00,-7.410090110134920360e-02,-4.211834620276806440e+00,-7.817443599558535072e-02,8.622524392885173583e+00,-4.923112375197972845e+00,2.120177121363278072e+00,7.979934858451172452e+00
-9.142468916063069884e+00,2.895470356593035532e+00,-1.683033499840516298e-02,-4.227240058405580037e+00,-7.157083653572851589e-02,8.608457366907614983e+00,-4.912865497787989533e+00,2.121953574181506319e+00,7.958074461315436388e+00
-9.177716175378956009e+00,2.843868567823835125e+00,-6.547550646214126552e-03,-4.216647576250141860e+00,-8.003109570041617993e-02,8.613810895111024379e+00,-4.923829169600215216e+00,2.108240001999923230e+00,7.954253092511691214e+00
-9.141806998088828351e+00,2.812039362565880829e+00,-1.748723752623352473e-02,-4.213315159803784127e+00,-8.304805661726917532e-02,8.629554174707859460e+00,-4.913561331357097828e+00,2.133368446849892131e+00,7.958547138398009757e+00
-9.133651373943559193e+00,2.937261072403984485e+00,-3.943862711683637778e-02,-4.229175797299146389e+00,-8.081925334069373079e-02,8.622459411229417725e+00,-4.911350213608694837e+00,2.129536976190054887e+00,7.965381244139441819e+00
-9.240616608802366017e+00,2.959953358531339784e+00,-4.691525477186427040e-02,-4.216156187570470948e+00,-9.228604612741501956e-02,8.621429225940078211e+00,-4.923374886065231770e+00,2.096818643347959643e+00,7.963862941658240935e+00
-9.204352904071090080e+00,2.825775780696271777e+00,-2.887126340692695511e-02,-4.215686677322498355e+00,-8.287993068490026594e-02,8.617858262758486987e+00,-4.929047022206950679e+00,2.104924997442921608e+00,7.956422178950771418e+00
-9.122704976672251220e+00,2.799978410914559568e+00,-5.613328444693459901e-02,-4.217443198433077356e+00,-8.393528334426696158e-02,8.611498965920125315e+00,-4.929059150928681632e+00,2.123501229030394288e+00,7.953274398195699924e+00
-9.169192996307049981e+00,2.867110538447246615e+00,-4.358494445913116411e-02,-4.211826754389647931e+00,-7.734453095143231649e-02,8.634305912258547266e+00,-4.918193842311559649e+00,2.134755922993047950e+00,7.953287030906511568e+00
-9.215941190474078226e+00,2.909872792730118451e+00,-8.043096806260393097e-03,-4.226102859603186879e+00,-6.892812563437143714e-02,8.633599656917155585e+00,-4.924797587081942929e+00,2.124921935572097187e+00,7.958905403007682011e+00
-9.203446811904626657e+00,2.849266764722360179e+00,-3.654532758468698184e-02,-4.228742569973340970e+00,-8.021389921446651916e-02,8.613069534151657436e+00,-4.932231192127480845e+00,2.093861193594780623e+00,7.963455210929716976e+00
-9.168367105856795263e+00,2.816072263175244839e+00,-1.881892902303549872e-02,-4.219904977368948984e+00,-7.303588669282777557e-02,8.617324843504977849e+00,-4.925323224588656679e+00,2.110314388962157395e+00,7.965495268659645411e+00
-9.149763113784723956e+00,2.863411028328511687e+00,-3.626950827580154024e-02,-4.219427982141022326e+00,-8.926617177034633366e-02,8.622445765353557334e+00,-4.925876461233651860e+00,2.122908300192372977e+00,7.955147845079236113e+00
-9.147313721099193273e+00,2.882238808830020371e+00,-5.723221660802745719e-02,-4.217574493980537298e+00,-9.364337050362767090e-02,8.618051993164492330e+00,-4.923997640604707904e+00,2.105823884893651687e+00,7.947899640884959815e+00
-9.163088383976958795e+00,2.850737253210037458e+00,-6.908280793227845537e-03,-4.220175988466873918e+00,-7.152100724629281703e-02,8.615433030426496330e+00,-4.925563406371437303e+00,2.131499384803750452e+00,7.954057676852054115e+00
-9.158163481807251927e+00,2.822738339927253204e+00,-2.998870978939570386e-02,-4.229333312605341177e+00,-7.849654560862735775e-02,8.621681781474697104e+00,-4.937603913121527022e+00,2.114535088511854344e+00,7.960991792269035194e+00
-9.160628057284467829e+00,2.958093882019381393e+00,-3.718992810458039699e-02,-4.216067747993592185e+00,-7.866224540135693943e-02,8.629004415673747985e+00,-4.920140841679562449e+00,2.113132710545472026e+00,7.971113002403279246e+00
-9.225717751697565916e+00,2.947749202234888788e+00,-8.742839792608900901e-03,-4.217429819990298867e+00,-8.054079103586429811e-02,8.626266775201919756e+00,-4.912987676899648548e+00,2.144753313372552483e+00,7.955342657891376845e+00
-9.125651970234221366e+00,2.772188567583649288e+00,-1.377590086601684048e-02,-4.233744384584983145e+00,-8.288690033889939413e-02,8.618905579309362963e+00,-4.930963183200338662e+00,2.097702396120182833e+00,7.941022203929869683e+00
-9.098639371480023996e+00,2.831298191085791505e+00,-2.526182645762113307e-02,-4.227657153238595811e+00,-8.809890683141642642e-02,8.618693590571377072e+00,-4.922549478419128377e+00,2.102925452787875571e+00,7.951502630925485704e+00
-9.280814894778110613e+00,2.960177516611265158e+00,-2.897889645876412096e-02,-4.225659836889497534e+00,-9.038747087890698639e-02,8.629925740304191351e+00,-4.924722181271575572e+00,2.118750136140435725e+00,7.960011728083135729e+00
-9.205688187509020182e+00,3.015333567549751237e+00,7.465279350471744346e-02,-4.212650949214837404e+00,-6.817768498205273309e-02,8.630008820200037789e+00,-4.910406465225221062e+00,2.124444559560349610e+00,7.968478874835280834e+00
-9.084767429771584801e+00,2.853726537313909351e+00,7.680945072505872273e-02,-4.221310019504226574e+00,-8.226761583579329795e-02,8.607365229560873132e+00,-4.909392732975140561e+00,2.138392111605645241e+00,7.955306518289302353e+00
-9.113844663316893246e+00,2.734172877965339143e+00,-1.168553209372517471e-01,-4.245503095721148590e+00,-8.816219223811046224e-02,8.606500397013629566e+00,-4.931750728968205877e+00,2.090964823677988083e+00,7.953995540853386892e+00
-9.138562313830293604e+00,2.904310066375172639e+00,-9.024548551669497876e-02,-4.226513848121645545e+00,-8.882620441605246220e-02,8.634471606414761524e+00,-4.904668296758379675e+00,2.117452569868050194e+00,7.965112663186098452e+00
-9.238392289306800009e+00,2.943142648236950265e+00,1.940226317736403264e-02,-4.211688283584768655e+00,-1.073891400302771221e-01,8.637667766291608373e+00,-4.907954152376028389e+00,2.135708210053197664e+00,7.954891914717919121e+00
-9.246461019228890521e+00,2.847139521252328276e+00,8.194560920897877090e-03,-4.217000519884112286e+00,-7.689316587923508695e-02,8.628140165758017233e+00,-4.914954015506909357e+00,2.119874660058297167e+00,7.965914579262921791e+00
-9.150346742882835116e+00,2.823310843359148059e+00,5.677693078081273714e-02,-4.225828323105759843e+00,-8.642012604563219236e-02,8.625703856934871183e+00,-4.902710406589986469e+00,2.142854951831438814e+00,7.974515838457270966e+00
-9.140852737313712950e+00,2.874096003306540581e+00,-1.801547794860112323e-02,-4.222947998500309552e+00,-9.601908363081683440e-02,8.621761965515579718e+00,-4.922754226701115066e+00,2.116362935313705229e+00,7.953927075318380169e+00
-9.138671481125188123e+00,2.925483811437830983e+00,-8.727416919872250933e-02,-4.223370121071996941e+00,-6.882068329049190192e-02,8.621979911633147253e+00,-4.926149934576853795e+00,2.103339323386481663e+00,7.947612443482020339e+00
-9.108381033873541810e+00,2.936043529193976820e+00,4.848491436625348983e-02,-4.235035740413139571e+00,-1.022243583886807416e-01,8.616711085620972099e+00,-4.919466801533454614e+00,2.117624985647480251e+00,7.957463935381792197e+00
-9.109272998777788288e+00,2.889918620078083311e+00,7.320757238393314770e-02,-4.212893156685352913e+00,-1.011764366483962618e-01,8.627585715914015907e+00,-4.916113248068541886e+00,2.120839678076464896e+00,7.957788368102728604e+00
-9.215471567417623078e+00,2.890530144830264714e+00,-6.279500672637769454e-02,-4.202312882286051376e+00,-7.638016475345647815e-02,8.633626675062226141e+00,-4.908377686267918705e+00,2.126218655764303023e+00,7.958838841950591103e+00
-9.257851052213437626e+00,2.911694129611958282e+00,-6.999768443525072881e-02,-4.222430858265918907e+00,-9.766779758019288049e-02,8.609749720884005697e+00,-4.911577360157342476e+00,2.127546719958558263e+00,7.955474502547619231e+00
-9.081175959145525667e+00,2.827873410416585020e+00,6.241628421595873250e-02,-4.226921584143930488e+00,-8.706561772853846359e-02,8.605802818000508836e+00,-4.928293851234808898e+00,2.123833477795733060e+00,7.953155054329766216e+00
-9.086989825831894407e+00,2.913687403585051516e+00,2.048070130858601484e-02,-4.221995999792682142e+00,-6.901767133097877482e-02,8.608279287802709234e+00,-4.923821202319156320e+00,2.122111868187071870e+00,7.956429821232517519e+00
-9.251502479453810324e+00,2.989108983459626057e+00,-7.265612257063984447e-02,-4.220496444820224013e+00,-9.420516467907377733e-02,8.612755941036910556e+00,-4.908275665668685228e+00,2.119082933579691908e+00,7.962161923354872606e+00
-9.213301941556503394e+00,2.939830134473736312e+00,-1.301955743640698451e-02,-4.219502617289634827e+00,-9.774285555373231349e-02,8.628763006149915427e+00,-4.913534698340575879e+00,2.119968600319125596e+00,7.973413262180804928e+00
-9.165993020852003070e+00,2.881349617604291424e+00,3.301899499220251749e-02,-4.211670875439875950e+00,-8.193506423744395528e-02,8.616754962542032104e+00,-4.917005135916217462e+00,2.137377383906732931e+00,7.950566460080618292e+00
-9.122657692784972738e+00,2.777685559236757751e+00,1.452731570345112098e-02,-4.218599585606816582e+00,-8.148625950016136210e-02,8.608363417817532337e+00,-4.925256025751931332e+00,2.119861307016305929e+00,7.947905327130434294e+00
-9.083344132844805685e+00,2.917602876015766178e+00,-6.722820686354628872e-02,-4.230450852905539350e+00,-8.887132707743188031e-02,8.609060676924572775e+00,-4.914707383353131398e+00,2.110602424839895797e+00,7.961897522765045920e+00
-9.204282586129124866e+00,2.946150236030606440e+00,-5.985952280280311399e-02,-4.215413551592678942e+00,-9.861602501140651067e-02,8.612045530061781307e+00,-4.891416857686386344e+00,2.135739610622753304e+00,7.958539795643982728e+00
-9.239387660065185415e+00,2.825486166359561402e+00,-1.607826016133569180e-02,-4.207998556506059806e+00,-9.307782069614323195e-02,8.635740866800345472e+00,-4.897942655126702682e+00,2.142378464646226277e+00,7.975906536943368152e+00
-9.161452164474358284e+00,2.885246279766249700e+00,-1.002406480976869400e-03,-4.218535185475036364e+00,-8.804760104753596439e-02,8.622492887561152841e+00,-4.924298500997589478e+00,2.112125518210899333e+00,7.954785660832290439e+00
-9.118605715556933333e+00,2.878965245280147300e+00,5.577263476314703317e-02,-4.213267392524389088e+00,-8.224734098134581228e-02,8.608332686014641411e+00,-4.921550059015432410e+00,2.104077979885921490e+00,7.955087662495614609e+00
-9.113659172403481890e+00,2.954829075542265926e+00,-1.869257994418341284e-02,-4.206126413784358142e+00,-1.010579813393589765e-01,8.624923949464040618e+00,-4.904436954740296173e+00,2.149981233579664419e+00,7.972971963027047693e+00
-9.156963858585861260e+00,2.994935995708367660e+00,-4.627968067377337402e-02,-4.216493457475319673e+00,-9.944498895849335218e-02,8.622343645192946937e+00,-4.923260529277595943e+00,2.117194638213545588e+00,7.961015361680645164e+00
-9.163745610187921997e+00,2.858724101351717284e+00,-2.577851685129183782e-03,-4.217570811250437757e+00,-6.706501676439927118e-02,8.626744399787947160e+00,-4.919687651472601786e+00,2.113942612231836993e+00,7.972464101802961167e+00
-9.160203737593558770e+00,2.859440740616463028e+00,-1.646998692407702566e-02,-4.202030601025106726e+00,-1.030711695404485373e-01,8.628999447937637512e+00,-4.922221194461626759e+00,2.154144657056733525e+00,7.954068157629869518e+00
-9.148737261609753091e+00,2.914548235063057824e+00,2.222529528000524810e-03,-4.203725495112727195e+00,-9.306733229933200624e-02,8.627373617452454013e+00,-4.916646954788543411e+00,2.107071082422165897e+00,7.963249764046778090e+00
-9.146517244549899672e+00,2.908990540661097413e+00,-5.775141084162149600e-03,-4.214401739637932742e+00,-6.629289868957054244e-02,8.620255895992015027e+00,-4.894851162551971058e+00,2.125801639528873022e+00,7.975296565506188706e+00
-9.184672095164049921e+00,2.946906710755982761e+00,-8.727577799231290775e-03,-4.211635869327277071e+00,-1.109799436572643655e-01,8.611356940355564760e+00,-4.928210169265596186e+00,2.138229828772363117e+00,7.945332512992002272e+00
-9.189716170723009725e+00,2.930116701677607960e+00,3.687635082674072754e-03,-4.213640720779055826e+00,-9.258157200171794610e-02,8.625890219446862517e+00,-4.919545348102718485e+00,2.098148109032664355e+00,7.965965570281502650e+00
-9.206759719492993099e+00,2.865544831876410736e+00,-2.223421504523540038e-02,-4.209689500898567083e+00,-6.520837829179555734e-02,8.626824736556034878e+00,-4.900695830837435096e+00,2.123689973839898215e+00,7.971203567430678483e+00
-9.161690754732163100e+00,2.924805931985452023e+00,-5.495215911084939259e-02,-4.203713274737040706e+00,-1.010413604709533425e-01,8.635471816732479766e+00,-4.906740702408344923e+00,2.135888181679193032e+00,7.956717593869714555e+00
-9.068415846661455504e+00,2.968629244896149988e+00,-9.062010091947576840e-03,-4.209653189664899209e+00,-1.102595148492206412e-01,8.635284826801319369e+00,-4.898829061477804281e+00,2.138457833075801506e+00,7.959357931436424671e+00
-9.111460774219361625e+00,2.970576856254916631e+00,1.884806158817803334e-02,-4.213332426393905372e+00,-7.818736793142543051e-02,8.614066706332041079e+00,-4.918113056716503451e+00,2.132104640761455450e+00,7.961495157524944410e+00
-9.199500522884363818e+00,2.979033380099924244e+00,-3.719045221337523993e-02,-4.213953800484912193e+00,-8.650185456012528251e-02,8.623673392553353523e+00,-4.911894793408387194e+00,2.105972721706739215e+00,7.971667311750658236e+00
-9.200456008942746067e+00,2.911654660826219487e+00,3.596985595918767917e-03,-4.203701546422561997e+00,-9.627437500576567497e-02,8.624310734774887521e+00,-4.903015489993877374e+00,2.135139889298760529e+00,7.954561845974442491e+00
-9.160686109609397221e+00,2.880836371997947509e+00,-1.400237773360937972e-02,-4.200004835266051728e+00,-8.071559014899214179e-02,8.607304395122604035e+00,-4.916446748795314292e+00,2.145057056928603156e+00,7.960850159513346291e+00
-9.121999795835330715e+00,2.914870899005355565e+00,-9.043574534664891584e-02,-4.196908744588089490e+00,-8.971128599737308862e-02,8.618699411549451739e+00,-4.901260814335504534e+00,2.120097048639876913e+00,7.991075405392698450e+00
-9.112323013492444446e+00,2.977046244655638052e+00,-1.126037276990431331e-02,-4.198431493724163133e+00,-8.358034925878385368e-02,8.634251154077837498e+00,-4.898020527578118788e+00,2.136615183747227587e+00,7.958915880172343194e+00
-9.166320433243390298e+00,3.042233503479626844e+00,4.372265331200303473e-03,-4.219924633274663606e+00,-8.876870659477310854e-02,8.626620273214797407e+00,-4.918300529220706707e+00,2.134686332032381451e+00,7.951711916641686528e+00
-9.183685408882258372e+00,2.899601477462742771e+00,-2.847624172137824469e-02,-4.222461589032567630e+00,-9.519353651737647026e-02,8.625350498098066865e+00,-4.913475103004602218e+00,2.117371706425598354e+00,7.978691052191742905e+00
-9.146173514467506038e+00,2.766737885486222126e+00,-3.529529976536119329e-02,-4.223961962832065709e+00,-7.061891379788216849e-02,8.627037674558467373e+00,-4.911115371201362656e+00,2.124418809056907165e+00,7.966572070879704093e+00
-9.173990582768825064e+00,2.891526291922354996e+00,-9.411437753167194165e-02,-4.205056210330203825e+00,-7.744462109386054949e-02,8.619349817814144998e+00,-4.920077774385149816e+00,2.137974587733618481e+00,7.954730794678119388e+00
-9.205933034734208320e+00,2.904012046618959619e+00,-5.738429742067577971e-02,-4.202726841171872785e+00,-8.495290116735873531e-02,8.623180427918420321e+00,-4.908558418329306505e+00,2.122265163976921443e+00,7.965008649235939764e+00
-9.177805742720632765e+00,2.853787062293012156e+00,-1.546562765367277131e-02,-4.230448646997008844e+00,-6.577969141547081178e-02,8.623844084369787666e+00,-4.921308876532202170e+00,2.101432889942850046e+00,7.963839269352494199e+00
-9.146833791415007298e+00,2.938304967688948999e+00,-5.352232667548036116e-02,-4.205289522299749727e+00,-8.999340799959115733e-02,8.619575632918275332e+00,-4.910735616115013080e+00,2.131676101924544930e+00,7.952272259324701942e+00
-9.143333626446233708e+00,2.944924546645932839e+00,-2.288482240169121412e-02,-4.224053523515965303e+00,-8.728614711399237946e-02,8.619552568786884805e+00,-4.907924045013639436e+00,2.128314910578105845e+00,7.965968322878314467e+00
-9.161765004164918125e+00,2.924760912550634195e+00,-1.072254055142946375e-02,-4.222777965744855422e+00,-5.738615576332001950e-02,8.611910401425387107e+00,-4.919655605809981402e+00,2.130898967818831924e+00,7.948243975313800114e+00
-9.154078691814197200e+00,2.909062490809582346e+00,-4.690928239540164552e-02,-4.209798868565366448e+00,-8.794618294555400784e-02,8.608080049238704845e+00,-4.899847492032598950e+00,2.123692974552273238e+00,7.961595183580302937e+00
-9.153130862121590994e+00,2.885732741799850842e+00,-3.395960676174415022e-02,-4.224362465881128514e+00,-7.768535931500536451e-02,8.616594882161844993e+00,-4.917436105463546703e+00,2.113889063673105362e+00,7.979339567110241838e+00
-9.191357982394372073e+00,2.978190047488437298e+00,-5.139270404563156536e-02,-4.193898342538353141e+00,-8.504968950092371693e-02,8.629098222465698242e+00,-4.900279951050454663e+00,2.151434028768146600e+00,7.948962764169447581e+00
-9.155390829817900311e+00,2.974931671875654438e+00,-3.152466818301773860e-02,-4.232728481008440014e+00,-7.807439585240005808e-02,8.633222646880126305e+00,-4.924518156371835431e+00,2.102948595647845753e+00,7.966942886038877347e+00
-9.111449827468135254e+00,2.905275572882605406e+00,1.374820075967174253e-02,-4.203253245392835069e+00,-8.247403833213280688e-02,8.631408657857328137e+00,-4.900106015304372065e+00,2.137350893623201742e+00,7.953634790513645747e+00
-9.145755729711062543e+00,2.985813783001506128e+00,-1.324525820566678502e-02,-4.218501340772185415e+00,-9.667255043405229009e-02,8.621850332659182214e+00,-4.902145551250025157e+00,2.117070147387428936e+00,7.972833309041477357e+00
-9.154837531579847365e+00,2.948298272431842282e+00,-1.596774819322541866e-02,-4.221194280124169751e+00,-5.245925555573206778e-02,8.620556451009507626e+00,-4.932686155573908771e+00,2.119450460771389100e+00,7.957194403430710494e+00
-9.192565635652847789e+00,2.854261958895971230e+00,-6.849399935251308802e-02,-4.180153465338751317e+00,-1.335803167768322974e-01,8.631653691568862641e+00,-4.869752382140474012e+00,2.170798095066590161e+00,7.955618347527832590e+00
-9.171759193988709313e+00,2.885267419396535082e+00,-7.531007589756119613e-02,-4.254402537410821417e+00,-6.149189798383296324e-02,8.627920325034837745e+00,-4.940936459417280879e+00,2.071527335976250939e+00,7.985589864256256831e+00
-9.075058810132334841e+00,2.919682626913200352e+00,3.832274172410217450e-02,-4.158304510519823083e+00,-9.094016442001255640e-02,8.635235047290851895e+00,-4.844068003918803988e+00,2.195729655861375917e+00,7.931109486850795420e+00
-9.148599156346637784e+00,2.982698293572334514e+00,3.237109107296739369e-02,-4.246205133842369861e+00,-1.215903453240442106e-01,8.623861244637124557e+00,-4.955042441725773017e+00,2.072281205186687014e+00,7.993428173401348147e+00
-9.225071672754967977e+00,2.898297635320036481e+00,-2.594246578035869569e-02,-4.193974759093348048e+00,-2.834424245048264984e-02,8.629214560318830607e+00,-4.903851247058248930e+00,2.143957591956363373e+00,7.928316752767372577e+00
-9.263581005086317433e+00,2.839715076453132703e+00,-6.532083228312222933e-02,-4.189068393298905235e+00,-2.074591254892961534e-01,8.654036285526833794e+00,-4.871772886081060960e+00,2.139916986141012334e+00,8.051202624480517045e+00
-9.086608870177766306e+00,2.904540612662194210e+00,-6.485120299512590978e-04,-4.151852893271509082e+00,-1.357598572671632128e-02,8.723652294775192217e+00,-5.195016902723907037e+00,1.890952154973149835e+00,8.103610982286349795e+00
-8.746106239367218649e+00,2.793816232882621708e+00,1.735994871501492232e-01,-4.281714018575764058e+00,1.866051518118612418e-01,8.736588508101363004e+00,-4.937161382472907256e+00,2.278785820093190306e+00,7.889836005246723794e+00
-8.873700462745386375e+00,3.035271089902559449e+00,1.954398811720161888e-01,-5.714257863103010315e+00,6.728927040726387920e-01,8.361074177771772753e+00,-5.747107597177399718e+00,1.769232199284892060e+00,8.221020803345645334e+00
-8.997423783145464427e+00,3.274848701061324086e+00,4.100908718185909962e-01,-5.099218407494618965e+00,4.210618416192778990e-01,8.453761733157728386e+00,-5.350097929476567593e+00,2.305958308015903402e+00,7.985104754048546027e+00
-9.141486049008499037e+00,3.347697224018810314e+00,5.352330820429518354e-01,-3.837845357984807304e+00,-8.400628539419088270e-01,9.010993015510061710e+00,-3.938395330055668886e+00,3.259369589971156334e+00,7.668466225028187644e+00
-9.507747534708157033e+00,4.019139624349397089e+00,4.451224192822533787e-01,-4.208089172515472320e+00,-7.135392867202936529e-01,8.784751346357886348e+00,-5.167816222304926654e+00,2.291389969341692368e+00,8.213029114706184686e+00
-9.482602233967023508e+00,3.800261782692229584e+00,1.028453081236942568e+00,-3.279745177822025681e+00,-1.113118939741341240e+00,8.495933963831596714e+00,-4.850029243467914419e+00,2.825174707545698105e+00,8.023555495130411330e+00
-9.105427526819314110e+00,2.572016461069500881e+00,1.270459106320547704e+00,-3.226871978846121536e+00,-1.732546727942584797e+00,8.654868664142268742e+00,-3.801571536898866288e+00,3.332477849615830490e+00,7.602868870149067426e+00
-8.543770393087418924e+00,2.192026836571701054e+00,7.940615607004400944e-01,-3.642823328282716933e+00,-1.386294189719410319e+00,8.756785109746456186e+00,-4.972057393644407242e+00,2.062425995665727374e+00,7.928693905841468492e+00
-8.534117244423407911e+00,2.539058947296374491e+00,6.224430611326289275e-01,-3.182262218468991932e+00,-1.016602880685199883e+00,8.755218983193220339e+00,-5.036240770231784403e+00,2.196022435178961008e+00,8.194183309501832824e+00
-8.868056590976713949e+00,3.074416099611274600e+00,6.801795146011686555e-01,-3.215586368745574575e+00,-1.235301949078368100e+00,8.705958905043942764e+00,-4.483216882922394397e+00,3.352358242813040512e+00,8.063074937418130972e+00
-8.833396560723645763e+00,3.621802145537242446e+00,9.929374507685290174e-01,-3.647939009435182012e+00,-1.942933240471613088e+00,8.653492780783903271e+00,-4.645930526828976781e+00,2.411234813813801559e+00,7.771178692321590198e+00
-8.539413299648852984e+00,4.095032772396755227e+00,1.001359756645561871e+00,-3.330226465601695107e+00,-1.839555043015655311e+00,8.725757590002398700e+00,-3.971865493222771271e+00,1.677785672744657397e+00,7.864460468900239754e+00
-7.508042845848482472e+00,4.609422292502462604e+00,4.753633919218857584e-01,-1.134700772934025270e+00,-3.618351254542659490e+00,8.892743691294956676e+00,-3.566788499793230205e+00,2.613138227740621655e+00,7.224430513983310043e+00
-6.495482577601068286e+00,5.074519944132061866e+00,7.465331142916138418e-01,-1.005621523705316545e+00,-4.067464926942200520e+00,1.049314258341554940e+01,-4.512340926205799185e+00,3.071504779229935256e+00,6.424838013406759529e+00
-6.161884062693482988e+00,5.455090633938386446e+00,1.773215226631924546e+00,4.821935261167030196e-01,-5.050034167066407065e+00,1.560589053958411654e+01,-5.102848473734652224e+00,4.294183560990214588e+00,8.112079508788580640e+00
-7.557063776704064040e+00,7.065988410404899334e+00,1.276921496648029786e+00,6.523779667969534124e+00,-1.039834702445029890e+01,1.822539507446026974e+01,-4.155220075424437276e+00,3.602171981053715388e+00,9.514915330616139144e+00
-1.040147711353852955e+01,9.231591458326986910e+00,-2.125300758558189007e-01,9.231599017426427523e+00,-1.073870242914619944e+01,1.401387484149303297e+01,-3.272007706876268962e+00,1.569132406041845895e+00,9.213582030522337263e+00
-1.075532569703440622e+01,8.871598062397792361e+00,-1.161111424495192210e-02,7.738774356184515035e+00,-6.133637140399875065e+00,1.283761033905894955e+01,-3.925378547331903611e+00,2.044616073132378808e+00,8.560863987436018618e+00
-9.284506690083004443e+00,7.100923502124958375e+00,8.060989614547052762e-01,3.442311466337600212e+00,-1.551654987846358136e+00,1.399754306258428471e+01,-4.348974351661245130e+00,3.098788265140655973e+00,7.629483448719351912e+00
-8.395963207237684855e+00,6.138631758552046236e+00,6.611090453927727095e-01,1.972830791615963753e+00,-1.205621703965377850e-01,1.070181580692498535e+01,-4.509773013467260228e+00,3.036886783309380888e+00,7.801121705645574167e+00
-8.129117182171595957e+00,5.613267397854871277e+00,4.535787916154690458e-01,2.156653067132513257e+00,1.730887787683135004e+00,9.509060413767294051e+00,-4.360849985819415409e+00,2.124283122828369397e+00,8.122358824405331745e+00
-8.431642003019778286e+00,5.109703442806015516e+00,6.025986557281040046e-01,-8.193564385336058464e+00,3.853182891625646533e+00,1.108631998045574463e+01,-3.918748908507233786e+00,2.995081589082368989e+00,7.786361409657181376e+00
-8.241378748953430033e+00,4.531379419704908429e+00,7.183162686496751270e-01,-1.135885564837165873e+01,2.193345570910457010e+00,9.341317962170007760e+00,-4.843654448030348725e+00,2.314727223580297366e+00,7.843393034062367875e+00
-8.056066932103211897e+00,4.148497196755868366e+00,6.542766472730587868e-01,-4.851824641587310083e+00,4.298383691219963332e+00,1.304542711154502710e+00,-4.717399508219346060e+00,2.345300672262082387e+00,7.993855728275935491e+00
-8.381388094465336280e+00,4.043625158896592353e+00,6.161461952416261711e-01,-1.417864537627000665e+01,4.699856735035128352e+00,6.587202117001879076e-01,-5.137615666383735125e+00,2.013543145907882526e+00,8.430639735312418281e+00
-9.184086808802753410e+00,3.609297196942268471e+00,5.043338258641013594e-01,-2.488933942475720329e+01,3.156066965207073416e+00,2.108928991448742352e+00,-6.006979340178265403e+00,6.980502178253474022e-02,8.926705314798905277e+00
-1.031896597818061245e+01,2.528357362120908114e+00,-1.221311638349688745e-03,-2.409938768519863572e+01,2.205772038630041454e+00,-3.540435280032374177e+00,-4.748692994192418304e+00,5.534490262703648078e+00,8.361847707426472098e+00
-1.066045569109752122e+01,1.583862698646028688e+00,-8.669113707971044802e-02,-1.242396679303082685e+01,-8.242218917399691813e-01,9.228094550360031789e+00,-4.226318960124983981e+00,4.637960368564330693e+00,1.043541743493884510e+01
-1.053886520279449890e+01,1.220021055454588721e+00,-1.657639804722169374e-01,1.309652635774400498e+00,-4.233028376391376191e-01,1.404101936984719323e+01,-3.035310608968284640e+00,4.243163063441478755e+00,1.451901861775847635e+01
-1.136076325256393282e+01,1.567695526396742478e+00,-1.063827053882509199e+00,-4.261079668472249615e+00,-7.512504354273272789e-01,5.997566406516427584e+00,-8.377559136081035307e-01,1.024866908580255931e+01,1.552042454362189794e+01
-1.214849867217244928e+01,2.535024619631647269e+00,-1.352415171349140133e+00,-8.708635964958693521e+00,1.178245280360427971e+00,1.162774095010466624e+01,-1.500512244485637936e+01,1.436967526517696214e+01,1.927969866644350816e+01
-1.038289069082045124e+01,3.117262359088524448e+00,-1.058762202942611808e+00,-4.458684732822575825e+00,2.874147170141334140e+00,9.592534532754863008e+00,-3.555820961874096753e+01,2.482581981780855784e+01,2.601457126949228282e+01
-8.862255243592137788e+00,3.142595382329046227e+00,-7.738929516987762547e-01,-3.148103445892409535e+00,1.392326102520365039e+00,8.496547190499954993e+00,-1.143218267240005837e+01,2.167990005701580003e+01,2.645188085626383057e+01
-1.024164651324640474e+01,3.231884363538992666e+00,-3.087876155744023188e-01,-2.825541612275736192e+00,4.986709123954852774e-01,9.891142030597542600e+00,1.338427594234855889e+01,9.080526074821017701e+00,1.876399624669137367e+01
-1.084592686743147283e+01,4.100743769847131404e+00,1.620889290948288319e-01,-5.301842988380025545e+00,-3.132928979522612067e+00,7.436829836443947350e+00,2.079137487145986452e+00,4.211293806105723014e+00,1.334266538534873980e+01
-8.700788297385706471e+00,5.065244206376629421e+00,6.630616950890600991e-01,-5.477463695829275281e+00,-3.029767216884324377e+00,8.732533233526213579e+00,2.268730931660347672e+00,3.051134543579488323e+00,1.150263361151208841e+01
-6.417939640510950561e+00,5.092704814180404327e+00,8.748798823947553371e-01,-5.408209587375637284e+00,-1.060645872527607780e+00,7.860099640004798438e+00,-5.767836528593019985e+00,2.130218838198887354e+00,7.811199844677848780e+00
-6.045140884362306899e+00,4.755867681738554786e+00,1.608465386848626721e+00,-4.845701723404213013e+00,-8.133643069791468561e-01,8.650374021115435852e+00,-6.382075290001991696e+00,4.552159976610391290e+00,1.237460326695926582e+01
-6.787996452072065701e+00,4.229461344566753489e+00,2.211922428510896044e+00,-5.649812136121853179e+00,1.747166752690534341e+00,8.298249065498698229e+00,-1.567271888429725024e+01,4.000159603036503420e+00,1.497916411531426206e+01
-9.152596704816261308e+00,3.786563063704839749e+00,2.073761944073995167e+00,-3.848620764310593856e+00,-1.504449537654878322e-01,8.511140863408025226e+00,-4.626232555035420546e+01,-9.821665343369229140e-01,1.633811633890017134e+01
-1.224936339940250463e+01,4.367705494295843316e+00,2.770731853247127674e+00,-3.276024006144267808e+00,-2.864961883192647107e+00,1.165949040989166541e+01,-4.481189194467867054e+01,-5.457358777244021297e+00,1.915740245506000416e+00
-1.218163251742423725e+01,6.058036785125766599e+00,3.004862469817402015e+00,-3.922629905659660299e+00,3.325070007968025099e-01,1.292866180821057576e+01,-5.349279681888103966e+01,-2.573182515850330532e+01,-2.968501233937687545e+01
-9.988624756876529176e+00,7.270578264130561408e+00,2.581328838795174718e+00,3.128840559513434538e+00,-4.706068426083027667e-01,1.441952452039879695e+01,-3.134610219846202384e+01,-7.290815748096492577e+00,-4.519192753525167028e+00
-9.710545123953027158e+00,6.996703545775932120e+00,2.566639885245980857e+00,-1.027131332712011513e+01,-6.286684276180499076e+00,1.470073805443334258e+01,5.731991055196203888e+00,1.523303891283442368e+01,2.324021883585609771e+01
-1.025059775663880579e+01,7.202868013398608937e+00,1.696782394839158270e+00,-2.376922682698972622e+01,-1.076862355578194119e+01,2.162827435908938156e+01,-1.105561117983695851e+01,-1.051591958131728788e+01,9.251490917641740808e+00
-9.827907182024501864e+00,7.998145368407771016e+00,3.817654813574047901e-01,-2.399172765368225058e+01,-1.316148080656868657e+01,3.014882388171404415e+01,-1.439241971806453790e+01,-9.456106887764101909e-01,1.236819702833518164e+01
-1.091888814625195359e+01,6.821199178591500711e+00,6.058655216714853298e-02,-1.909880939101204333e+01,-1.345310674777264026e+01,3.009416368667228880e+01,-9.986581998381630854e+00,7.881435237280059347e+00,1.051978264971950239e+01
-1.270264217763475756e+01,4.849957008544182990e+00,1.109285321166862681e-02,5.837986015778159343e-01,-5.115092282111750599e+00,2.156924974097410797e+01,-8.230249473956366302e+00,-6.617464088576284764e-01,6.978615662618249615e+00
-1.336012654260411026e+01,4.190712770084902949e+00,-6.333256304174642581e-01,3.207821094038799448e+00,1.222149197159942080e+00,8.828842109879481370e+00,-1.985489297914249995e+00,5.441570206745976357e+00,9.690715487309129017e+00
-1.292298545469389914e+01,3.872393115868933755e+00,-9.125348943357486364e-01,1.730191999522445290e+00,-3.855650274758948726e+00,8.029106117771060980e+00,-4.806259749202915543e+00,2.597832466919899552e+00,6.636100189216074696e+00
-1.074095295714220377e+01,3.512845819872036923e+00,-5.028086398989222161e-01,-4.027492718724084320e+00,-2.080556507184115222e+00,1.029730816327920806e+01,-5.565365933301581691e+00,4.930394286510470181e+00,7.502602554740879448e+00
-9.232571937333537093e+00,2.808693264809026591e+00,-5.218684952565438850e-01,-1.138807393429405757e+01,-7.460203656397432326e+00,1.362903578278744909e+01,-5.612348751927183521e+00,4.086564472799318892e+00,6.655848852729072895e+00
-9.238184806267879523e+00,1.831238251624581537e+00,-5.593876908603410136e-01,-2.920334907065683883e+00,-8.971325166297254849e-01,1.650213391657793238e+01,-6.386551945547081388e+00,9.688059153569443804e-01,7.214510597555461757e+00
-8.696054126050210442e+00,1.483217705357923411e+00,-2.079749897155422633e-01,-3.100960740540246263e+01,7.437201894020573079e+00,1.692202100219611793e+01,-4.703749283954485882e+00,3.681981636892718068e+00,8.767346647931010040e+00
-8.982976862808419227e+00,8.742809777306702612e-01,-6.585569304261411627e-01,-6.007427117248048631e+01,-9.575619013114645028e+00,6.261379678968053142e+00,-4.432299242250762106e+00,1.727990507281856436e+00,9.223459187051933128e+00
-1.079674634202542371e+01,-3.632887903722216150e-01,-1.602969050973826581e+00,-5.643516102533686762e+01,1.058651602432683170e+01,-3.409650875230504852e+01,-6.228163446577182683e+00,2.580387655740298936e+00,1.177021263074158952e+01
-1.086647667378366755e+01,-1.455248129518805111e+00,-1.949223925981774075e+00,-3.767929521725662312e+01,5.224550303515139937e+00,-2.126095635249340887e+01,-2.388630510603966806e-01,4.369920070768084308e+00,1.375287075293826788e+01
-1.047854597080156047e+01,-1.251825609369540127e+00,-1.861704048998224392e+00,-1.555574465270149531e+00,-1.020585338164090494e+01,2.260743018196050969e+01,-5.705904991089111533e+00,8.313632006294023213e+00,1.513526212487716194e+01
-1.130986653932278152e+01,-3.002634373726092293e-02,-2.186209790516211893e+00,-8.624336389454695606e+00,1.724362013661806614e+01,1.363323112931083969e+01,-2.203780778853874267e+01,1.585864122926667186e+01,1.974173045245139946e+01
-1.064031966787175598e+01,9.725855435307720898e-01,-1.951473484868281094e+00,-2.010341484067427587e+01,3.122422528822605958e+00,1.172850739388221619e+01,-3.150860557512770299e+01,2.442945977847250560e+01,2.733075890997028878e+01
-1.036274715579932959e+01,2.185323699186092483e+00,-9.548381577632387707e-01,-4.728783892926387011e+00,-4.585206035684129766e+00,1.286048383639071169e+01,-1.940443558992940964e+01,2.773861829709618121e+01,2.831438329375086482e+01
-1.188405225004145827e+01,2.981119057676772321e+00,-5.779043924490064876e-01,-6.475573821006331166e+00,2.306156576964956795e+00,7.297702936950479113e+00,4.813476995224513999e+00,1.417455121798014694e+01,1.959495953729263107e+01
-1.290467990515760732e+01,3.162975085572589329e+00,2.785643346268066867e-01,-3.434866483898020295e+00,-3.795666254868837797e+00,1.083182345474671315e+01,1.610991482623523430e+00,5.854351559424102014e+00,1.315984488950963716e+01
-1.171460386681104282e+01,4.068981889987822065e+00,1.252894960475140262e+00,-4.591757878344084887e+00,-1.406338229916938687e+00,7.223154583872986478e+00,-3.561355666486827332e+00,3.841391672586167427e+00,9.317664033234583698e+00
-9.552470936238469434e+00,5.437769794696667880e+00,1.922894008596817139e+00,-5.093051275980406523e+00,-3.781337204459666701e+00,8.642880848366973012e+00,-7.169826165102152871e+00,5.405646140085091922e+00,8.475419499899203402e+00
-8.635469134856299078e+00,5.667184778516405785e+00,2.310746291388974250e+00,-4.285907036281888516e+00,-1.889691484954002076e+00,8.219279785831741236e+00,-1.445453274246182218e+01,9.920213262771166995e+00,1.293919293957667627e+01
-8.464562656567881760e+00,4.085752706798744249e+00,2.055390820106475225e+00,-7.183330701241382066e+00,6.383910943578141595e-01,7.628956883039624159e+00,-2.137565540486087912e+01,-6.302015131402974868e-01,1.457792233585121977e+01
-1.027813127962417639e+01,2.004606330328907227e+00,3.285998286332640461e+00,-2.075910202924229786e+00,2.829291260142823727e+00,1.041952969106174010e+01,-3.457461063823932079e+01,-1.396677291414939459e-01,1.996032862524536355e+01
-1.211210419931474469e+01,2.697305882923390463e+00,4.197362186756367741e+00,-6.585893934503040725e+00,-1.110940658272299292e-01,1.074111108246829360e+01,-5.014052110073191670e+01,-1.370580583007740394e+01,-4.022460110952580936e-01
-1.135047687510886050e+01,5.882508062801143467e+00,3.530586458554157314e+00,4.396407809688502866e-01,-2.445146480071417106e+00,1.410335055183623609e+01,-5.877473045918866745e+01,-2.131346589411364434e+01,-2.323261093995177262e+01
-9.973551200122301452e+00,7.663822806737853099e+00,2.876710645031562930e+00,-3.090592237542323928e-01,-1.398393383439227255e+00,1.506922054680920375e+01,-2.010721172723183514e+01,2.725762571140390556e+00,8.821882998379544816e+00
-1.061906769007406126e+01,9.241544460275912698e+00,2.945514714751897856e+00,-2.000991715383290526e+01,-7.992053480932434617e+00,2.124186119705531084e+01,-2.505690891525586661e+00,-3.751238408770875665e+00,2.251007059622633122e+01
-1.353671359828588194e+01,9.509774384669585245e+00,3.586642095910895556e+00,-2.991150345038447611e+01,-9.318908058773537562e+00,3.302350055783285399e+01,-2.658566734421094679e+01,-3.880946535743044823e+00,9.723053780076819308e+00
-1.369533464728682581e+01,6.226536383642336858e+00,2.122697702029783695e+00,-2.501444983492997665e+01,-1.625170733613559548e+01,3.752607668171427946e+01,-1.486187027637335234e+01,3.013936381043365476e+00,1.273486019719983453e+01
-1.304826879169127096e+01,4.701985514780185227e+00,1.115855411754868243e+00,9.867619348312839378e-01,-1.266187462755318371e+01,2.911711147078687034e+01,-4.185292654470159412e+00,-1.391374980218737623e+00,8.390852325996108974e+00
-1.463723112929875469e+01,5.422379171419202670e+00,9.537802843677795073e-01,7.570660201916316723e+00,9.738704701224796256e-01,1.170386886628345380e+01,-5.200290164845240426e+00,4.427939256799969137e+00,8.183880768495312097e+00
-1.415096372503636779e+01,4.848516034588690182e+00,3.213147594759518388e-01,3.739895263514758650e+00,9.690051633720442315e-01,8.496846353809853980e+00,-3.311959104256909647e+00,2.291967944621871034e+00,8.768235102934074376e+00
-1.145403048158972581e+01,3.817744136863711280e+00,7.311264851040720769e-01,-5.530967225334996407e+00,-1.134903769856153932e+00,1.094851997619566042e+01,-5.856926113414292701e+00,3.761641354424550610e+00,7.052839094320999536e+00
-9.907627101225756405e+00,2.755924889200178196e+00,-6.420898227465763330e-01,-5.607445854942969099e+00,-5.383995793010379671e+00,1.102994075373406524e+01,-4.753008175776336053e+00,3.852374596803211038e+00,8.278424708363903761e+00
-1.065604531210319550e+01,1.633447942723688096e+00,-9.397081644710453263e-01,-3.805243386125994665e+00,2.145001215265774253e+00,1.733498058308295953e+01,-5.680534587231299781e+00,1.843130485834923560e+00,7.337604977591995592e+00
-1.014186676372131402e+01,9.413962977238661267e-01,-1.936680172110380460e-01,-4.077160810078291320e+01,-1.943678071791098860e+00,1.789525607414747199e+01,-4.689398358294492475e+00,3.100843437735087083e+00,9.143588521029380800e+00
-1.037162500592014069e+01,1.647424625828958211e-01,-1.390656837333766438e+00,-4.454233220240357838e+01,-5.125690823040927491e+00,9.192722938348039108e+00,-5.816308900193830844e+00,-6.815186981631327079e-01,9.904273936692186808e+00
-1.143915151340441305e+01,-6.789568929603857494e-01,-1.703543144622827965e+00,-5.465687247434117069e+01,9.550649328707740082e+00,-2.210430240371685073e+01,-3.568256700358408029e+00,5.413220557174063252e+00,1.244197301732453909e+01
-8.310531573771294589e+00,-1.837546822426159743e+00,-2.380025099776192032e+00,-4.616238322074195821e+01,-1.032239793374503112e+00,-2.417944981637558399e+01,-2.675789268190367665e+00,7.215934163516667610e+00,1.202155921754274459e+01
-7.594273744527331615e+00,-2.383016937071253505e+00,-2.249545469171552625e+00,-6.092261053244716784e+00,6.745581326641400643e+00,1.720379371686743397e+01,-1.584281585073625820e+01,6.703993807020236062e+00,1.481100075205083755e+01
-1.117409579808702524e+01,-1.522525600836069914e+00,-1.586686631449404361e+00,-2.959816035059142791e+01,1.445257088691849923e+01,1.958453118364769807e+01,-3.382325287362861133e+01,2.216497630247113548e+01,2.553220316249092647e+01
-1.371049143872681242e+01,-2.915063007298452358e-01,-2.160681201479515590e+00,-2.150929736829061767e+01,-3.265936174977945861e+00,9.419402791021369126e+00,-3.216853904675070908e+01,2.881952283118611291e+01,2.747237566221964755e+01
-1.475052119752431601e+01,1.989006632735210500e+00,-1.215638549573862637e+00,-7.312232072043325370e-01,-1.800297589518534691e-02,1.062904425349613291e+01,-4.200985297720102096e+00,1.607639711833642693e+01,2.436299456513207318e+01
-1.459875559682422619e+01,3.536887261340652344e+00,1.321208087993984981e-01,-7.434659315444902106e+00,9.789865622508967524e-01,7.825541717236496275e+00,2.353979927880056611e+00,4.327139436022996222e+00,1.709698189369949972e+01
-1.358568727823362110e+01,3.265620879363985374e+00,1.357830086742429110e+00,-1.304296396083317600e+00,-1.711100847736995778e+00,1.002819664447403980e+01,-7.572932272960867239e-01,3.731093939026687956e+00,1.099844104978071790e+01
-1.087793242382082148e+01,3.528576064185356742e+00,1.840125729511790764e+00,-6.554677706085938027e+00,-1.577678538150595111e+00,7.672452708325389281e+00,-1.613963019891686779e+00,-5.419652579183861230e-01,1.164864059806187768e+01
-8.650080579514556334e+00,4.063923183236417103e+00,1.437625006973447306e+00,-4.829821249993180743e+00,-3.425318663023969812e+00,8.288334177842031636e+00,-1.142104535825410316e+01,2.849238161670250236e+00,1.167662307531078270e+01
-8.138786954624347203e+00,4.144883460224637162e+00,2.419305988288299680e+00,-4.218710389515030634e+00,1.075787760996128883e-02,9.388903870229217574e+00,-1.018820320397540691e+01,4.032013691061271388e+00,1.454531853709004174e+01
-8.933468814945516812e+00,3.573709936444952717e+00,3.004288004769329223e+00,-3.449493985868391732e+00,1.625260560237618446e+00,9.348727314869544003e+00,-2.576059851466424533e+01,-4.802540827811969670e+00,1.917420987538189792e+01
-1.222249994640654869e+01,3.668317004248672131e+00,2.808154285181100107e+00,-2.872994335073338679e+00,2.546102122622760699e+00,1.065394535427770961e+01,-4.023377409822893469e+01,3.417137470257935572e+00,1.697090115033149615e+01
-1.399623264225011177e+01,6.156153767273846888e+00,3.437041144628294465e+00,-4.939666075218145380e+00,1.277190003239787042e-01,1.214872146266395170e+01,-5.484304881177543223e+01,-1.551628974489333324e+01,-1.091275009085964776e+01
-1.197607728489945167e+01,8.564137679041181173e+00,3.311896976156231798e+00,1.395540499629923437e+00,-3.304647856533505124e+00,1.570028568917264522e+01,-5.630476440944846672e+01,-1.755114175626591688e+01,-2.297511786293905089e+01
-1.030618245365470642e+01,9.842776979959264594e+00,2.099493388299693120e+00,-8.136132613594266871e+00,-1.820045757559240585e+00,1.578358142047746426e+01,-1.140831269487454058e+01,1.068735285302877713e+01,1.099135797157557093e+01
-1.239911039382335289e+01,1.040979234645506502e+01,3.082288295317704652e+00,-2.718069963663515054e+01,-4.634242322095788680e+00,2.521736349655443732e+01,-1.091506325753468687e+01,-3.021422081624749012e+00,1.992965675926711810e+01
-1.375300572238487540e+01,8.656195465627433805e+00,4.279097719145606327e+00,-3.964198734804478619e+01,-1.734536183110616747e+01,3.481038516548773742e+01,-2.588800861869902903e+01,-4.405377608983833682e-01,1.010616573118969619e+01
-1.278071672806316528e+01,6.554782880221873498e+00,2.125344046413228938e+00,-1.574149033289163313e+01,-1.666402186228495097e+01,3.029074549817644524e+01,-1.003156837232881138e+01,5.394435347173453188e+00,1.179140907105870006e+01
-1.540103155199510709e+01,5.833163765150241709e+00,9.406904704387015759e-01,8.193183074657346410e+00,3.297129957904982867e+00,1.889877686685105829e+01,-7.109515004982643660e+00,-2.164704825440147307e+00,8.335187668673977868e+00
-1.698724131948378258e+01,4.515588758401054115e+00,1.119899645513890984e+00,6.540320553762118960e-01,6.700126969520278308e+00,1.012935015126670280e+01,-2.556037025610666813e+00,3.091271836537755391e+00,9.602609977536454622e+00
-1.341408418632003574e+01,3.267022433338759857e+00,4.724848306038163526e-01,2.007810050852638639e+00,4.268855611846609222e+00,1.042483336851405085e+01,-4.587380723002936200e+00,2.096575883613516211e+00,8.254916008922775106e+00
-9.585649946587368575e+00,3.351694717926473110e+00,6.778694685011005250e-02,-8.089304334440782895e+00,6.012931114318668113e-01,1.011710848700361076e+01,-5.954869698452177396e+00,6.204386861205921200e+00,6.098870449096102320e+00
-8.681313436353395474e+00,3.225692528385565971e+00,-9.442593973342140456e-01,-9.410841986978510931e+00,-8.056940806474649719e+00,1.567689741049206020e+01,-4.496262608801099070e+00,3.439940511572458615e+00,7.321136048635244364e+00
-1.025785939313605155e+01,2.613737659573089456e+00,-7.857420811114826931e-01,-1.542899690217804221e+01,3.329061920044988465e+00,1.608416708452383048e+01,-6.937756086796396104e+00,1.293487490869805079e+00,7.269342937293372664e+00
-1.079711791403341437e+01,1.418128187421508812e+00,-9.528822172013976521e-01,-3.676268856996740197e+01,-2.445400953083447515e+00,1.697975141637942542e+01,-3.184547861705207428e+00,2.291163885121593413e+00,1.002438184658977072e+01
-1.128832269639493191e+01,-8.692329010836478964e-02,-2.625066353112397888e+00,-4.636475869311418307e+01,6.284002214283381793e-01,5.083759306851670878e+00,-6.741298118888475521e+00,6.547001696360611467e-01,1.109463849916786593e+01
-1.085063096945148509e+01,-2.741541588148693198e-01,-2.129027545865716409e+00,-6.812094175431461451e+01,1.016733584787113998e+01,-3.175174222477841468e+01,-1.642212129191445547e+00,6.198569650089273964e+00,1.297451310852652995e+01
-7.738321581159604001e+00,-1.160687984307755327e+00,-1.945298521835205907e+00,-2.742833661129753153e+01,-1.192493029344220368e+01,-9.839297335331766092e+00,-2.532309655226644640e+00,5.091103505927274675e+00,1.271665234051441118e+01
-7.471696340513220846e+00,-2.456018728880144053e+00,-2.404510314454150866e+00,5.917619692965970124e+00,1.001661583877557149e+01,2.223282996573687598e+01,-1.866155866960641063e+01,1.024608124171116330e+01,1.547337568064434343e+01
-1.010598207976250507e+01,-1.565804645973581710e+00,-1.781662868913406195e+00,-3.360273494951228912e+01,1.599092490284894907e+01,1.286586625651521132e+01,-3.390234259133707440e+01,1.934032356272619779e+01,2.553709107378229248e+01
-1.243654865354637629e+01,6.325984407791644670e-02,-1.825371864743953854e+00,-2.136128684488564033e+01,-6.404704464517951834e+00,1.355879275039821863e+01,-3.396201899110214129e+01,2.572442390346088104e+01,2.729104865765228283e+01
-1.419657332148422313e+01,1.648416784962190906e+00,-1.817114903032509554e+00,-3.386728004115482360e+00,3.123674066277895900e+00,8.830319400887423953e+00,-1.537128775453462826e+00,2.161165553157711727e+01,2.133509882823251758e+01
-1.493208133568743001e+01,2.697192711225986805e+00,-9.888223152240200875e-01,-6.346657458128268203e+00,2.974012255370718782e-01,8.365152762579487700e+00,3.115580095953418560e+00,6.901520896484903744e+00,1.408490691427111230e+01
-1.494085840310415492e+01,3.546295689115065208e+00,1.128782878528413747e-01,-3.452087944697316280e-01,-2.631456487351898077e-01,1.062265484082417011e+01,-3.077346354627138236e+00,4.484870660418918575e+00,1.110889722057452822e+01
-1.353030055308797586e+01,4.909829825746943932e+00,1.594281530132711566e+00,-6.384762081188936733e+00,-2.616048239841981982e+00,6.862380600208101811e+00,-3.139650623230338389e-01,1.393096787310236673e+00,1.054847644453859168e+01
-1.061911037209681474e+01,5.529765260434266416e+00,2.329575097078417478e+00,-4.056980704136223359e+00,-4.435405059721424514e+00,9.373290405408891246e+00,-1.489323894035652351e+01,4.132437281587762357e+00,1.101663499426975434e+01
-8.743465248532190870e+00,4.588910073509552490e+00,1.944031182517066858e+00,-5.204551025726951607e+00,1.636613305812028907e+00,8.219283608165831367e+00,-1.049504074124037345e+01,4.094992675470103372e+00,1.415338153108591435e+01
-9.932899109775705782e+00,2.401174698173100364e+00,2.573432593515863065e+00,-4.160789732682666830e+00,-1.964250115732400215e-01,9.647375338312523141e+00,-2.750170821422204170e+01,5.351424162322093031e-02,1.665970018217365478e+01
-1.218007990488606218e+01,1.871222349232091187e+00,3.023196455837409591e+00,-2.413670390406375432e+00,2.780871797786627742e+00,1.081220239288724194e+01,-4.158840720040161187e+01,4.716665164327430659e+00,1.613113334820221567e+01
-1.305026296858367196e+01,4.708586609763294462e+00,3.514735026851663946e+00,-5.892473643753594281e+00,6.126193720188990444e-01,1.138736852776842134e+01,-5.138605422937846612e+01,-1.785785896865713696e+01,-1.122963001846852471e+01
-1.198213542366754325e+01,8.814698026715374723e+00,3.796611738495844879e+00,2.180431510987333787e+00,-1.865386903788784023e+00,1.504671514121226750e+01,-6.223759338875632352e+01,-2.048853151744609136e+01,-2.165403433770813635e+01
-9.963771652109500110e+00,1.193782031010625211e+01,1.913964548964160128e+00,-6.989315660102653815e+00,-2.155568958682674729e+00,1.504570080744033334e+01,-1.609506700095854503e+00,7.877151457863436512e+00,1.030795368190120165e+01
-1.091310502148156658e+01,1.180822262785293120e+01,3.363899859470454778e+00,-2.595724641535107580e+01,-4.862921222291668677e+00,2.213084667443203202e+01,-3.251405545015800147e+00,3.925600483735546486e+00,1.641436119891690026e+01
-1.247481427932037334e+01,8.808170106559773060e+00,5.616398902234496227e+00,-3.485880371656886467e+01,-9.855671084030634077e+00,3.302506963068690737e+01,-4.057144406054521113e+01,6.333818787256687566e-01,1.056997040535349619e+01
-1.356939437146499472e+01,5.721104844658396082e+00,3.773480313652145313e+00,-1.811362304904545084e+01,-1.747015342063902921e+01,3.208160729476336570e+01,-8.688693064399833688e+00,1.924000913485953035e+00,1.142518296272968392e+01
-1.681845640580156243e+01,3.829408388384688333e+00,1.504076452743112524e+00,8.551630044078029513e+00,-6.336476290608477946e+00,2.060350095115956037e+01,-4.587727993271775162e+00,-1.582667175416832217e+00,7.692198007899129664e+00
-1.678790411901493229e+01,3.489595622131695940e+00,-1.677958651888926955e-01,-2.776097303811426720e-01,4.094289132607713100e+00,1.201540069048075488e+01,-6.044701235875830747e+00,2.167231723713296088e+00,1.018984100113589264e+01
-1.439580144283531027e+01,3.542884200326664512e+00,6.549908237446926407e-01,-3.284202729575659063e+00,2.222904604189448463e+00,1.116809467478378082e+01,-1.807595894739947973e+00,1.499813937631026217e+00,8.362379528430384568e+00
-1.307686486737178910e+01,3.086523898858214210e+00,1.085943840431526253e+00,-2.682756175695764966e+00,2.546944186249217257e+00,8.786450149783883390e+00,-8.224977660077691155e+00,5.458587943116999242e+00,6.297160231736419256e+00
-1.050678110415648625e+01,2.769948284893210655e+00,-1.090689006484245160e+00,-1.128515088269716493e+01,-2.853993895832157346e+00,1.607777307368078823e+01,-3.099414566745454902e+00,4.472393673935052050e+00,7.354566901903505816e+00
-9.406508370551700082e+00,2.890747702940287489e+00,-1.222511026146890556e+00,-1.681342330188140721e+01,-3.365650897049020651e-01,1.981587302449267085e+01,-6.298828856124180753e+00,7.267635231373913429e-01,7.565118443035760087e+00
-1.054538686360829836e+01,2.199471429220264174e+00,-5.522208077768843149e-01,-3.257991063796411879e+01,1.515432800496218646e-01,1.468408649778286090e+01,-4.654608893696958738e+00,3.931426166036696479e+00,8.670747729295852579e+00
-1.031265009162961555e+01,4.716551355987140814e-01,-1.125319637959918406e+00,-3.918952034084392722e+01,5.313970644643725150e-01,8.932266896933462874e+00,-3.827873759813652743e+00,1.203492311202656539e+00,9.172116136260710206e+00
-9.517568255175149261e+00,-6.287798477032187083e-01,-1.533617099595426803e+00,-5.977616227168869045e+01,1.220278651050690399e+01,-2.315524419349627294e+01,-6.863145059503998446e+00,3.750095667780289688e+00,1.137945829091730587e+01
-9.397283619535096832e+00,-1.550884418935297493e+00,-1.215148045982806346e+00,-4.542406335019146724e+01,-8.432130521097720433e-01,-1.827651830438340852e+01,4.932163112943670491e-01,4.472459789400210717e+00,1.285530037443826146e+01
-8.819303634562050576e+00,-1.644316755734843039e+00,-1.089730222563307871e+00,6.512883745705172700e+00,-3.026707876166983446e+00,1.860127889727857919e+01,-7.899610513212386387e+00,3.312152070435501638e+00,1.306812322780584168e+01
-8.880039484640411374e+00,-3.587347620068088716e-01,-1.486573656867602233e+00,-1.428933632830179867e+01,1.212861377393192264e+01,1.545664691005810454e+01,-2.238512562385654547e+01,1.439966235033440789e+01,1.776285331269420453e+01
-9.754576484829817318e+00,4.440997251041122196e-01,-1.756761461154473958e+00,-3.012326962565767019e+01,4.233936583427237998e+00,1.351249723311148898e+01,-3.194600054392171629e+01,1.921191972803022097e+01,2.409320493069619573e+01
-1.073515805463996209e+01,1.529592647783048598e+00,-1.544310173967413879e+00,-6.523255975627615832e+00,9.081344481336518504e-01,1.193250236107738260e+01,-2.549495914019894371e+01,2.239426935317650802e+01,2.219755452218786829e+01
-1.241083103274447552e+01,2.797880533627747024e+00,-3.338065223478307586e-01,-5.371570312117207813e+00,8.535158697720536258e-01,7.059474781019892120e+00,1.883858903879936930e+00,1.607154319995794367e+01,1.474247496891442566e+01
-1.404274944114910539e+01,3.298887018155671758e+00,4.157102033989842904e-01,-3.166969264492020208e+00,9.655149983265683133e-02,1.091915775830479518e+01,2.755219884062625635e+00,5.026555101110500523e+00,1.030023015351805249e+01
-1.461471124164289037e+01,3.775756136439997857e+00,7.235123828244318656e-01,-4.148033219045581532e+00,-1.673848745847261732e-01,8.011452157598705881e+00,-2.955734640454933171e+00,6.391107383951570853e+00,8.117911918608927024e+00
-1.302023610929938791e+01,4.549643697733046999e+00,1.590059570949422518e+00,-6.294684844611824204e+00,-3.788534416456194265e+00,8.138443027335284796e+00,-2.162420637302539195e+00,3.024923868212515021e+00,8.492892718223025383e+00
-1.042260217552279400e+01,5.437498265772548578e+00,1.921046100128853240e+00,-3.895877344983227797e+00,-1.095969928667050119e+00,8.739367103144079607e+00,-1.186038742522501721e+01,3.056636526903709239e+00,1.070782881749069482e+01
-9.750025151092479803e+00,5.336053868012005985e+00,2.322299176024016809e+00,-4.541569433626284180e+00,-5.990294789095653577e-02,8.687672638652907509e+00,-1.146804854875757762e+01,5.653486113709567107e+00,1.021648671447658785e+01
